name,stop,synonymous,nonsynonymous
lib3-Huh-7.5-210702,6.710070916106447e-05,0.0014448906122540505,0.002258049282158312
lib1-plasmid-210702,0.0002883078983423935,0.0012342660694845615,0.007335633010098368
lib2-plasmid-210702,0.0002683219837717647,0.00120174226132659,0.007140587675689213
lib3-plasmid-210702,0.0002735270294553145,0.0011897988837169672,0.007071649553324753
lib1-Huh-7.5-210702,6.794317176848356e-05,0.0014611216707804944,0.0022930575130607417
wt-Huh-7.5-210702,6.502081655736401e-05,0.0006582716264770336,0.0015078305368395706
wt-plasmid-210702,5.6306111780952685e-05,0.000523231602750316,0.0012319577944002425
lib2-Huh-7.5-210702,6.615870757885511e-05,0.0014566907147230362,0.00226251816280935
