name,stop,synonymous,nonsynonymous
lib1-Huh-7.5-210921,3.981851900257849e-05,0.0018194586434192562,0.0028038715031624287
lib3-plasmid-210921,0.00030900804644943674,0.0013554706471994164,0.007235745964592789
lib1-plasmid-210921,0.00035223189718592434,0.001419173574473653,0.008106142975516852
lib2-Huh-7.5-210921,3.951393141577944e-05,0.0018365319677150715,0.0027972505020578205
lib2-plasmid-210921,0.00031481921119724197,0.0014019369394574679,0.007383936560261938
lib3-Huh-7.5-210921,4.160548143668857e-05,0.0017532110210884834,0.0027286193725787554
wt-Huh-7.5-210921,4.261920195178658e-05,0.0007700046455595014,0.0015597564096520458
wt-plasmid-210921,2.608363863196659e-05,0.00033813736696948493,0.000701012630972322
