name,stop,synonymous,nonsynonymous
lib1-Huh-7.5-210702,8.963640564431247e-05,0.0014420978769649412,0.0035603551798005038
lib2-Huh-7.5-210702,8.668428010484482e-05,0.0014878277858169982,0.003540693235007367
wt-plasmid-210702,5.631114007929701e-05,0.0005089032966029221,0.0012249713225945624
lib2-plasmid-210702,0.000289126151667879,0.0012802733720089282,0.008439241453144371
lib3-Huh-7.5-210702,8.601308694825265e-05,0.0013952450743491148,0.0032744396601576604
lib1-plasmid-210702,0.0002845929665242197,0.0012426841066815618,0.008501537874388058
lib3-plasmid-210702,0.0002760622654479207,0.0012245019019692628,0.008037812491996468
wt-Huh-7.5-210702,8.529130895870451e-05,0.000923979828268755,0.002200319376673158
